{
  "models": {
    "BERT Base Uncased": {
      "precision": 0.733818602899776,
      "recall": 0.7367393488602435,
      "f1_score": 0.7314062291615914,
      "accuracy": 0.7367393488602435,
      "training_time": 84.35550962141666,
      "confusion_matrix": [
        [
          12913,
          723,
          939,
          1235,
          420,
          222,
          793,
          584,
          1902,
          1269
        ],
        [
          361,
          16887,
          1272,
          1287,
          378,
          140,
          292,
          143,
          92,
          148
        ],
        [
          412,
          739,
          17607,
          280,
          165,
          226,
          301,
          122,
          1025,
          123
        ],
        [
          1609,
          3436,
          656,
          10668,
          862,
          362,
          1236,
          495,
          386,
          1290
        ],
        [
          103,
          236,
          70,
          307,
          19105,
          81,
          519,
          340,
          159,
          80
        ],
        [
          176,
          269,
          297,
          181,
          225,
          19078,
          173,
          243,
          191,
          167
        ],
        [
          1503,
          929,
          982,
          1332,
          1835,
          397,
          10694,
          767,
          1485,
          1077
        ],
        [
          1465,
          461,
          524,
          535,
          1012,
          679,
          559,
          14230,
          1079,
          456
        ],
        [
          1179,
          90,
          1044,
          273,
          403,
          156,
          405,
          381,
          16793,
          276
        ],
        [
          1013,
          325,
          313,
          650,
          289,
          170,
          1073,
          126,
          300,
          16741
        ]
      ],
      "inference_time": 3.6546133599949826,
      "parameters": 109.48993,
      "model_size": 417.749719619751
    }
  },
  "metadata": {
    "data_sources": {
      "training": "history.csv + experiment_summary.json",
      "testing": "classification_report.csv + confusion_matrix.csv"
    },
    "merge_timestamp": "2026-04-05 14:36:03"
  }
}