{
  "models": {
    "BERT Base Uncased": {
      "precision": 0.733818602899776,
      "recall": 0.7367393488602435,
      "f1_score": 0.7314062291615914,
      "accuracy": 0.7367393488602435,
      "training_time": 84.35550962141666,
      "confusion_matrix": [
        [
          12913,
          723,
          939,
          1235,
          420,
          222,
          793,
          584,
          1902,
          1269
        ],
        [
          361,
          16887,
          1272,
          1287,
          378,
          140,
          292,
          143,
          92,
          148
        ],
        [
          412,
          739,
          17607,
          280,
          165,
          226,
          301,
          122,
          1025,
          123
        ],
        [
          1609,
          3436,
          656,
          10668,
          862,
          362,
          1236,
          495,
          386,
          1290
        ],
        [
          103,
          236,
          70,
          307,
          19105,
          81,
          519,
          340,
          159,
          80
        ],
        [
          176,
          269,
          297,
          181,
          225,
          19078,
          173,
          243,
          191,
          167
        ],
        [
          1503,
          929,
          982,
          1332,
          1835,
          397,
          10694,
          767,
          1485,
          1077
        ],
        [
          1465,
          461,
          524,
          535,
          1012,
          679,
          559,
          14230,
          1079,
          456
        ],
        [
          1179,
          90,
          1044,
          273,
          403,
          156,
          405,
          381,
          16793,
          276
        ],
        [
          1013,
          325,
          313,
          650,
          289,
          170,
          1073,
          126,
          300,
          16741
        ]
      ],
      "inference_time": 3.6546133599949826,
      "parameters": 109.48993,
      "model_size": 417.749719619751
    },
    "Bidirectional LSTM": {
      "precision": 0.7346466930638466,
      "recall": 0.7385869591097185,
      "f1_score": 0.7329293020150935,
      "accuracy": 0.7385869591097185,
      "training_time": 80.27,
      "confusion_matrix": [
        [12697,542,629,1364,221,229,635,1169,2152,1362],
        [485,16903,1134,1097,328,195,226,247,139,246],
        [465,788,17131,381,84,243,279,279,1185,165],
        [1511,3636,542,10927,727,345,845,708,482,1277],
        [119,217,63,313,18735,109,539,528,251,126],
        [159,292,285,202,148,18938,166,431,206,173],
        [1377,1041,872,1623,1469,454,9950,1213,1705,1297],
        [994,419,378,553,684,538,435,15654,1029,316],
        [937,92,753,262,201,141,320,751,17216,327],
        [923,289,191,804,154,166,989,249,282,16953]
      ],
      "inference_time": 21.29153999965638,
      "parameters": 8.772874,
      "model_size": 33.469215393066406
    }
  },
  "metadata": {
    "data_sources": {
      "training": "history.csv + experiment_summary.json",
      "testing": "classification_report.csv + confusion_matrix.csv"
    },
    "merge_timestamp": "2026-04-05 14:36:03"
  }
}